{
  "model/formatter-dbg.js": 1678107998593,
  "manifest.json": 1680082318765,
  "utils/locate-reuse-libs.js": 1677762890674,
  "model/models.js": 1677762890674,
  "model/formatter.js": 1678107998593,
  "controller/Worklist.controller.js": 1679664107991,
  "controller/Object.controller.js": 1679565247566,
  "controller/NotFound.controller.js": 1677762890678,
  "controller/ErrorHandler.js": 1677762890678,
  "controller/Edit.controller.js": 1679665066200,
  "controller/Create.controller.js": 1679663563127,
  "controller/BaseController.js": 1677762890678,
  "controller/App.controller.js": 1677762890674,
  "Component.js": 1677762890666,
  "Component-preload.js": 1680082319315,
  "controller/Edit-dbg.controller.js": 1679665066200,
  "model/models-dbg.js": 1677762890674,
  "i18n/i18n.properties": 1678979950514,
  "controller/Worklist-dbg.controller.js": 1679664107991,
  "controller/Object-dbg.controller.js": 1679565247566,
  "controller/NotFound-dbg.controller.js": 1677762890678,
  "controller/ErrorHandler-dbg.js": 1677762890678,
  "utils/locate-reuse-libs-dbg.js": 1677762890674,
  "controller/Create-dbg.controller.js": 1679663563127,
  "controller/BaseController-dbg.js": 1677762890678,
  "controller/App-dbg.controller.js": 1677762890674,
  "Component-dbg.js": 1677762890666,
  "view/Worklist.view.xml": 1678970364513,
  "view/ObjectNotFound.view.xml": 1677762890686,
  "view/Object.view.xml": 1679057266795,
  "view/NotFound.view.xml": 1677762890686,
  "view/Edit.view.xml": 1679665299008,
  "view/Create.view.xml": 1679661814555,
  "view/App.view.xml": 1678268870757,
  "css/style.css": 1679056221617,
  "index.html": 1677762890670
}